codeDepartement,Libellé département,Inscrits,Votants,% Votants,Abstentions,% Abstentions,Exprimés,% Exprimés/inscrits,% Exprimés/votants,Blancs,% Blancs/inscrits,% Blancs/votants,Nuls,% Nuls/inscrits,% Nuls/votants,indicateur,valeur
14,Calvados,516074,286206,"55,46%",229868,"44,54%",277933,"53,86%","97,11%",3581,"0,69%","1,25%",4692,"0,91%","1,64%",Numéro de panneau 1,1
14,Calvados,516074,286206,"55,46%",229868,"44,54%",277933,"53,86%","97,11%",3581,"0,69%","1,25%",4692,"0,91%","1,64%",Nuance liste 1,LDIV
14,Calvados,516074,286206,"55,46%",229868,"44,54%",277933,"53,86%","97,11%",3581,"0,69%","1,25%",4692,"0,91%","1,64%",Libellé abrégé de liste 1,HUMANITE SOUVERAINE
14,Calvados,516074,286206,"55,46%",229868,"44,54%",277933,"53,86%","97,11%",3581,"0,69%","1,25%",4692,"0,91%","1,64%",Libellé de liste 1,POUR UNE HUMANITE SOUVERAINE
14,Calvados,516074,286206,"55,46%",229868,"44,54%",277933,"53,86%","97,11%",3581,"0,69%","1,25%",4692,"0,91%","1,64%",Voix 1,4
14,Calvados,516074,286206,"55,46%",229868,"44,54%",277933,"53,86%","97,11%",3581,"0,69%","1,25%",4692,"0,91%","1,64%",% Voix/inscrits 1,"0,00%"
14,Calvados,516074,286206,"55,46%",229868,"44,54%",277933,"53,86%","97,11%",3581,"0,69%","1,25%",4692,"0,91%","1,64%",% Voix/exprimés 1,"0,00%"
14,Calvados,516074,286206,"55,46%",229868,"44,54%",277933,"53,86%","97,11%",3581,"0,69%","1,25%",4692,"0,91%","1,64%",Sièges 1,0
14,Calvados,516074,286206,"55,46%",229868,"44,54%",277933,"53,86%","97,11%",3581,"0,69%","1,25%",4692,"0,91%","1,64%",Numéro de panneau 2,2
14,Calvados,516074,286206,"55,46%",229868,"44,54%",277933,"53,86%","97,11%",3581,"0,69%","1,25%",4692,"0,91%","1,64%",Nuance liste 2,LDIV
14,Calvados,516074,286206,"55,46%",229868,"44,54%",277933,"53,86%","97,11%",3581,"0,69%","1,25%",4692,"0,91%","1,64%",Libellé abrégé de liste 2,POUR UNE DEMOCRATIE REELLE : DECIDONS NOUS-MEMES !
14,Calvados,516074,286206,"55,46%",229868,"44,54%",277933,"53,86%","97,11%",3581,"0,69%","1,25%",4692,"0,91%","1,64%",Libellé de liste 2,POUR UNE DEMOCRATIE REELLE : DECIDONS NOUS-MEMES !
14,Calvados,516074,286206,"55,46%",229868,"44,54%",277933,"53,86%","97,11%",3581,"0,69%","1,25%",4692,"0,91%","1,64%",Voix 2,10
14,Calvados,516074,286206,"55,46%",229868,"44,54%",277933,"53,86%","97,11%",3581,"0,69%","1,25%",4692,"0,91%","1,64%",% Voix/inscrits 2,"0,00%"
14,Calvados,516074,286206,"55,46%",229868,"44,54%",277933,"53,86%","97,11%",3581,"0,69%","1,25%",4692,"0,91%","1,64%",% Voix/exprimés 2,"0,00%"
14,Calvados,516074,286206,"55,46%",229868,"44,54%",277933,"53,86%","97,11%",3581,"0,69%","1,25%",4692,"0,91%","1,64%",Sièges 2,0
14,Calvados,516074,286206,"55,46%",229868,"44,54%",277933,"53,86%","97,11%",3581,"0,69%","1,25%",4692,"0,91%","1,64%",Numéro de panneau 3,3
14,Calvados,516074,286206,"55,46%",229868,"44,54%",277933,"53,86%","97,11%",3581,"0,69%","1,25%",4692,"0,91%","1,64%",Nuance liste 3,LREC
14,Calvados,516074,286206,"55,46%",229868,"44,54%",277933,"53,86%","97,11%",3581,"0,69%","1,25%",4692,"0,91%","1,64%",Libellé abrégé de liste 3,"LA FRANCE FIERE, MENEE PAR MARION MARECHAL ET SOUTENUE PAR ÉRIC ZEMMOUR"
14,Calvados,516074,286206,"55,46%",229868,"44,54%",277933,"53,86%","97,11%",3581,"0,69%","1,25%",4692,"0,91%","1,64%",Libellé de liste 3,"LA FRANCE FIERE, MENEE PAR MARION MARECHAL ET SOUTENUE PAR ÉRIC ZEMMOUR"
14,Calvados,516074,286206,"55,46%",229868,"44,54%",277933,"53,86%","97,11%",3581,"0,69%","1,25%",4692,"0,91%","1,64%",Voix 3,13037
14,Calvados,516074,286206,"55,46%",229868,"44,54%",277933,"53,86%","97,11%",3581,"0,69%","1,25%",4692,"0,91%","1,64%",% Voix/inscrits 3,"2,53%"
14,Calvados,516074,286206,"55,46%",229868,"44,54%",277933,"53,86%","97,11%",3581,"0,69%","1,25%",4692,"0,91%","1,64%",% Voix/exprimés 3,"4,69%"
14,Calvados,516074,286206,"55,46%",229868,"44,54%",277933,"53,86%","97,11%",3581,"0,69%","1,25%",4692,"0,91%","1,64%",Sièges 3,5
14,Calvados,516074,286206,"55,46%",229868,"44,54%",277933,"53,86%","97,11%",3581,"0,69%","1,25%",4692,"0,91%","1,64%",Numéro de panneau 4,4
14,Calvados,516074,286206,"55,46%",229868,"44,54%",277933,"53,86%","97,11%",3581,"0,69%","1,25%",4692,"0,91%","1,64%",Nuance liste 4,LFI
14,Calvados,516074,286206,"55,46%",229868,"44,54%",277933,"53,86%","97,11%",3581,"0,69%","1,25%",4692,"0,91%","1,64%",Libellé abrégé de liste 4,LFI - UP
14,Calvados,516074,286206,"55,46%",229868,"44,54%",277933,"53,86%","97,11%",3581,"0,69%","1,25%",4692,"0,91%","1,64%",Libellé de liste 4,LA FRANCE INSOUMISE - UNION POPULAIRE
14,Calvados,516074,286206,"55,46%",229868,"44,54%",277933,"53,86%","97,11%",3581,"0,69%","1,25%",4692,"0,91%","1,64%",Voix 4,19305
14,Calvados,516074,286206,"55,46%",229868,"44,54%",277933,"53,86%","97,11%",3581,"0,69%","1,25%",4692,"0,91%","1,64%",% Voix/inscrits 4,"3,74%"
14,Calvados,516074,286206,"55,46%",229868,"44,54%",277933,"53,86%","97,11%",3581,"0,69%","1,25%",4692,"0,91%","1,64%",% Voix/exprimés 4,"6,95%"
14,Calvados,516074,286206,"55,46%",229868,"44,54%",277933,"53,86%","97,11%",3581,"0,69%","1,25%",4692,"0,91%","1,64%",Sièges 4,9
14,Calvados,516074,286206,"55,46%",229868,"44,54%",277933,"53,86%","97,11%",3581,"0,69%","1,25%",4692,"0,91%","1,64%",Numéro de panneau 5,5
14,Calvados,516074,286206,"55,46%",229868,"44,54%",277933,"53,86%","97,11%",3581,"0,69%","1,25%",4692,"0,91%","1,64%",Nuance liste 5,LRN
14,Calvados,516074,286206,"55,46%",229868,"44,54%",277933,"53,86%","97,11%",3581,"0,69%","1,25%",4692,"0,91%","1,64%",Libellé abrégé de liste 5,La FRANCE REVIENT
14,Calvados,516074,286206,"55,46%",229868,"44,54%",277933,"53,86%","97,11%",3581,"0,69%","1,25%",4692,"0,91%","1,64%",Libellé de liste 5,LA FRANCE REVIENT ! AVEC JORDAN BARDELLA ET MARINE LE PEN
14,Calvados,516074,286206,"55,46%",229868,"44,54%",277933,"53,86%","97,11%",3581,"0,69%","1,25%",4692,"0,91%","1,64%",Voix 5,84183
14,Calvados,516074,286206,"55,46%",229868,"44,54%",277933,"53,86%","97,11%",3581,"0,69%","1,25%",4692,"0,91%","1,64%",% Voix/inscrits 5,"16,31%"
14,Calvados,516074,286206,"55,46%",229868,"44,54%",277933,"53,86%","97,11%",3581,"0,69%","1,25%",4692,"0,91%","1,64%",% Voix/exprimés 5,"30,29%"
14,Calvados,516074,286206,"55,46%",229868,"44,54%",277933,"53,86%","97,11%",3581,"0,69%","1,25%",4692,"0,91%","1,64%",Sièges 5,30
14,Calvados,516074,286206,"55,46%",229868,"44,54%",277933,"53,86%","97,11%",3581,"0,69%","1,25%",4692,"0,91%","1,64%",Numéro de panneau 6,6
14,Calvados,516074,286206,"55,46%",229868,"44,54%",277933,"53,86%","97,11%",3581,"0,69%","1,25%",4692,"0,91%","1,64%",Nuance liste 6,LVEC
14,Calvados,516074,286206,"55,46%",229868,"44,54%",277933,"53,86%","97,11%",3581,"0,69%","1,25%",4692,"0,91%","1,64%",Libellé abrégé de liste 6,EUROPE ÉCOLOGIE
14,Calvados,516074,286206,"55,46%",229868,"44,54%",277933,"53,86%","97,11%",3581,"0,69%","1,25%",4692,"0,91%","1,64%",Libellé de liste 6,EUROPE ÉCOLOGIE
14,Calvados,516074,286206,"55,46%",229868,"44,54%",277933,"53,86%","97,11%",3581,"0,69%","1,25%",4692,"0,91%","1,64%",Voix 6,14762
14,Calvados,516074,286206,"55,46%",229868,"44,54%",277933,"53,86%","97,11%",3581,"0,69%","1,25%",4692,"0,91%","1,64%",% Voix/inscrits 6,"2,86%"
14,Calvados,516074,286206,"55,46%",229868,"44,54%",277933,"53,86%","97,11%",3581,"0,69%","1,25%",4692,"0,91%","1,64%",% Voix/exprimés 6,"5,31%"
14,Calvados,516074,286206,"55,46%",229868,"44,54%",277933,"53,86%","97,11%",3581,"0,69%","1,25%",4692,"0,91%","1,64%",Sièges 6,5
14,Calvados,516074,286206,"55,46%",229868,"44,54%",277933,"53,86%","97,11%",3581,"0,69%","1,25%",4692,"0,91%","1,64%",Numéro de panneau 7,7
14,Calvados,516074,286206,"55,46%",229868,"44,54%",277933,"53,86%","97,11%",3581,"0,69%","1,25%",4692,"0,91%","1,64%",Nuance liste 7,LDIV
14,Calvados,516074,286206,"55,46%",229868,"44,54%",277933,"53,86%","97,11%",3581,"0,69%","1,25%",4692,"0,91%","1,64%",Libellé abrégé de liste 7,FREE PALESTINE
14,Calvados,516074,286206,"55,46%",229868,"44,54%",277933,"53,86%","97,11%",3581,"0,69%","1,25%",4692,"0,91%","1,64%",Libellé de liste 7,FREE PALESTINE
14,Calvados,516074,286206,"55,46%",229868,"44,54%",277933,"53,86%","97,11%",3581,"0,69%","1,25%",4692,"0,91%","1,64%",Voix 7,31
14,Calvados,516074,286206,"55,46%",229868,"44,54%",277933,"53,86%","97,11%",3581,"0,69%","1,25%",4692,"0,91%","1,64%",% Voix/inscrits 7,"0,01%"
14,Calvados,516074,286206,"55,46%",229868,"44,54%",277933,"53,86%","97,11%",3581,"0,69%","1,25%",4692,"0,91%","1,64%",% Voix/exprimés 7,"0,01%"
14,Calvados,516074,286206,"55,46%",229868,"44,54%",277933,"53,86%","97,11%",3581,"0,69%","1,25%",4692,"0,91%","1,64%",Sièges 7,0
14,Calvados,516074,286206,"55,46%",229868,"44,54%",277933,"53,86%","97,11%",3581,"0,69%","1,25%",4692,"0,91%","1,64%",Numéro de panneau 8,8
14,Calvados,516074,286206,"55,46%",229868,"44,54%",277933,"53,86%","97,11%",3581,"0,69%","1,25%",4692,"0,91%","1,64%",Nuance liste 8,LDIV
14,Calvados,516074,286206,"55,46%",229868,"44,54%",277933,"53,86%","97,11%",3581,"0,69%","1,25%",4692,"0,91%","1,64%",Libellé abrégé de liste 8,PARTI ANIMALISTE
14,Calvados,516074,286206,"55,46%",229868,"44,54%",277933,"53,86%","97,11%",3581,"0,69%","1,25%",4692,"0,91%","1,64%",Libellé de liste 8,"PARTI ANIMALISTE - LES ANIMAUX COMPTENT, VOTRE VOIX AUSSI"
14,Calvados,516074,286206,"55,46%",229868,"44,54%",277933,"53,86%","97,11%",3581,"0,69%","1,25%",4692,"0,91%","1,64%",Voix 8,6704
14,Calvados,516074,286206,"55,46%",229868,"44,54%",277933,"53,86%","97,11%",3581,"0,69%","1,25%",4692,"0,91%","1,64%",% Voix/inscrits 8,"1,30%"
14,Calvados,516074,286206,"55,46%",229868,"44,54%",277933,"53,86%","97,11%",3581,"0,69%","1,25%",4692,"0,91%","1,64%",% Voix/exprimés 8,"2,41%"
14,Calvados,516074,286206,"55,46%",229868,"44,54%",277933,"53,86%","97,11%",3581,"0,69%","1,25%",4692,"0,91%","1,64%",Sièges 8,0
14,Calvados,516074,286206,"55,46%",229868,"44,54%",277933,"53,86%","97,11%",3581,"0,69%","1,25%",4692,"0,91%","1,64%",Numéro de panneau 9,9
14,Calvados,516074,286206,"55,46%",229868,"44,54%",277933,"53,86%","97,11%",3581,"0,69%","1,25%",4692,"0,91%","1,64%",Nuance liste 9,LEXG
14,Calvados,516074,286206,"55,46%",229868,"44,54%",277933,"53,86%","97,11%",3581,"0,69%","1,25%",4692,"0,91%","1,64%",Libellé abrégé de liste 9,PARTI REVOLUTIONNAIRE COMMUNISTES
14,Calvados,516074,286206,"55,46%",229868,"44,54%",277933,"53,86%","97,11%",3581,"0,69%","1,25%",4692,"0,91%","1,64%",Libellé de liste 9,PARTI REVOLUTIONNAIRE COMMUNISTES
14,Calvados,516074,286206,"55,46%",229868,"44,54%",277933,"53,86%","97,11%",3581,"0,69%","1,25%",4692,"0,91%","1,64%",Voix 9,19
14,Calvados,516074,286206,"55,46%",229868,"44,54%",277933,"53,86%","97,11%",3581,"0,69%","1,25%",4692,"0,91%","1,64%",% Voix/inscrits 9,"0,00%"
14,Calvados,516074,286206,"55,46%",229868,"44,54%",277933,"53,86%","97,11%",3581,"0,69%","1,25%",4692,"0,91%","1,64%",% Voix/exprimés 9,"0,01%"
14,Calvados,516074,286206,"55,46%",229868,"44,54%",277933,"53,86%","97,11%",3581,"0,69%","1,25%",4692,"0,91%","1,64%",Sièges 9,0
14,Calvados,516074,286206,"55,46%",229868,"44,54%",277933,"53,86%","97,11%",3581,"0,69%","1,25%",4692,"0,91%","1,64%",Numéro de panneau 10,10
14,Calvados,516074,286206,"55,46%",229868,"44,54%",277933,"53,86%","97,11%",3581,"0,69%","1,25%",4692,"0,91%","1,64%",Nuance liste 10,LDIV
14,Calvados,516074,286206,"55,46%",229868,"44,54%",277933,"53,86%","97,11%",3581,"0,69%","1,25%",4692,"0,91%","1,64%",Libellé abrégé de liste 10,PARTI PIRATE
14,Calvados,516074,286206,"55,46%",229868,"44,54%",277933,"53,86%","97,11%",3581,"0,69%","1,25%",4692,"0,91%","1,64%",Libellé de liste 10,PARTI PIRATE
14,Calvados,516074,286206,"55,46%",229868,"44,54%",277933,"53,86%","97,11%",3581,"0,69%","1,25%",4692,"0,91%","1,64%",Voix 10,125
14,Calvados,516074,286206,"55,46%",229868,"44,54%",277933,"53,86%","97,11%",3581,"0,69%","1,25%",4692,"0,91%","1,64%",% Voix/inscrits 10,"0,02%"
14,Calvados,516074,286206,"55,46%",229868,"44,54%",277933,"53,86%","97,11%",3581,"0,69%","1,25%",4692,"0,91%","1,64%",% Voix/exprimés 10,"0,04%"
14,Calvados,516074,286206,"55,46%",229868,"44,54%",277933,"53,86%","97,11%",3581,"0,69%","1,25%",4692,"0,91%","1,64%",Sièges 10,0
14,Calvados,516074,286206,"55,46%",229868,"44,54%",277933,"53,86%","97,11%",3581,"0,69%","1,25%",4692,"0,91%","1,64%",Numéro de panneau 11,11
14,Calvados,516074,286206,"55,46%",229868,"44,54%",277933,"53,86%","97,11%",3581,"0,69%","1,25%",4692,"0,91%","1,64%",Nuance liste 11,LENS
14,Calvados,516074,286206,"55,46%",229868,"44,54%",277933,"53,86%","97,11%",3581,"0,69%","1,25%",4692,"0,91%","1,64%",Libellé abrégé de liste 11,BESOIN D'EUROPE
14,Calvados,516074,286206,"55,46%",229868,"44,54%",277933,"53,86%","97,11%",3581,"0,69%","1,25%",4692,"0,91%","1,64%",Libellé de liste 11,BESOIN D'EUROPE
14,Calvados,516074,286206,"55,46%",229868,"44,54%",277933,"53,86%","97,11%",3581,"0,69%","1,25%",4692,"0,91%","1,64%",Voix 11,49868
14,Calvados,516074,286206,"55,46%",229868,"44,54%",277933,"53,86%","97,11%",3581,"0,69%","1,25%",4692,"0,91%","1,64%",% Voix/inscrits 11,"9,66%"
14,Calvados,516074,286206,"55,46%",229868,"44,54%",277933,"53,86%","97,11%",3581,"0,69%","1,25%",4692,"0,91%","1,64%",% Voix/exprimés 11,"17,94%"
14,Calvados,516074,286206,"55,46%",229868,"44,54%",277933,"53,86%","97,11%",3581,"0,69%","1,25%",4692,"0,91%","1,64%",Sièges 11,13
14,Calvados,516074,286206,"55,46%",229868,"44,54%",277933,"53,86%","97,11%",3581,"0,69%","1,25%",4692,"0,91%","1,64%",Numéro de panneau 12,12
14,Calvados,516074,286206,"55,46%",229868,"44,54%",277933,"53,86%","97,11%",3581,"0,69%","1,25%",4692,"0,91%","1,64%",Nuance liste 12,LDIV
14,Calvados,516074,286206,"55,46%",229868,"44,54%",277933,"53,86%","97,11%",3581,"0,69%","1,25%",4692,"0,91%","1,64%",Libellé abrégé de liste 12,PACE
14,Calvados,516074,286206,"55,46%",229868,"44,54%",277933,"53,86%","97,11%",3581,"0,69%","1,25%",4692,"0,91%","1,64%",Libellé de liste 12,"PACE - PARTI DES CITOYENS EUROPÉENS, POUR L'ARMÉE EUROPÉENNE, POUR L'EUROPE SOCIALE , POUR LA PLANÈTE !"
14,Calvados,516074,286206,"55,46%",229868,"44,54%",277933,"53,86%","97,11%",3581,"0,69%","1,25%",4692,"0,91%","1,64%",Voix 12,25
14,Calvados,516074,286206,"55,46%",229868,"44,54%",277933,"53,86%","97,11%",3581,"0,69%","1,25%",4692,"0,91%","1,64%",% Voix/inscrits 12,"0,00%"
14,Calvados,516074,286206,"55,46%",229868,"44,54%",277933,"53,86%","97,11%",3581,"0,69%","1,25%",4692,"0,91%","1,64%",% Voix/exprimés 12,"0,01%"
14,Calvados,516074,286206,"55,46%",229868,"44,54%",277933,"53,86%","97,11%",3581,"0,69%","1,25%",4692,"0,91%","1,64%",Sièges 12,0
14,Calvados,516074,286206,"55,46%",229868,"44,54%",277933,"53,86%","97,11%",3581,"0,69%","1,25%",4692,"0,91%","1,64%",Numéro de panneau 13,13
14,Calvados,516074,286206,"55,46%",229868,"44,54%",277933,"53,86%","97,11%",3581,"0,69%","1,25%",4692,"0,91%","1,64%",Nuance liste 13,LECO
14,Calvados,516074,286206,"55,46%",229868,"44,54%",277933,"53,86%","97,11%",3581,"0,69%","1,25%",4692,"0,91%","1,64%",Libellé abrégé de liste 13,ÉQUINOXE
14,Calvados,516074,286206,"55,46%",229868,"44,54%",277933,"53,86%","97,11%",3581,"0,69%","1,25%",4692,"0,91%","1,64%",Libellé de liste 13,ÉQUINOXE : ÉCOLOGIE PRATIQUE ET RENOUVEAU DÉMOCRATIQUE
14,Calvados,516074,286206,"55,46%",229868,"44,54%",277933,"53,86%","97,11%",3581,"0,69%","1,25%",4692,"0,91%","1,64%",Voix 13,743
14,Calvados,516074,286206,"55,46%",229868,"44,54%",277933,"53,86%","97,11%",3581,"0,69%","1,25%",4692,"0,91%","1,64%",% Voix/inscrits 13,"0,14%"
14,Calvados,516074,286206,"55,46%",229868,"44,54%",277933,"53,86%","97,11%",3581,"0,69%","1,25%",4692,"0,91%","1,64%",% Voix/exprimés 13,"0,27%"
14,Calvados,516074,286206,"55,46%",229868,"44,54%",277933,"53,86%","97,11%",3581,"0,69%","1,25%",4692,"0,91%","1,64%",Sièges 13,0
14,Calvados,516074,286206,"55,46%",229868,"44,54%",277933,"53,86%","97,11%",3581,"0,69%","1,25%",4692,"0,91%","1,64%",Numéro de panneau 14,14
14,Calvados,516074,286206,"55,46%",229868,"44,54%",277933,"53,86%","97,11%",3581,"0,69%","1,25%",4692,"0,91%","1,64%",Nuance liste 14,LECO
14,Calvados,516074,286206,"55,46%",229868,"44,54%",277933,"53,86%","97,11%",3581,"0,69%","1,25%",4692,"0,91%","1,64%",Libellé abrégé de liste 14,ECOLOGIE POSITIVE
14,Calvados,516074,286206,"55,46%",229868,"44,54%",277933,"53,86%","97,11%",3581,"0,69%","1,25%",4692,"0,91%","1,64%",Libellé de liste 14,ECOLOGIE POSITIVE ET TERRITOIRES
14,Calvados,516074,286206,"55,46%",229868,"44,54%",277933,"53,86%","97,11%",3581,"0,69%","1,25%",4692,"0,91%","1,64%",Voix 14,1322
14,Calvados,516074,286206,"55,46%",229868,"44,54%",277933,"53,86%","97,11%",3581,"0,69%","1,25%",4692,"0,91%","1,64%",% Voix/inscrits 14,"0,26%"
14,Calvados,516074,286206,"55,46%",229868,"44,54%",277933,"53,86%","97,11%",3581,"0,69%","1,25%",4692,"0,91%","1,64%",% Voix/exprimés 14,"0,48%"
14,Calvados,516074,286206,"55,46%",229868,"44,54%",277933,"53,86%","97,11%",3581,"0,69%","1,25%",4692,"0,91%","1,64%",Sièges 14,0
14,Calvados,516074,286206,"55,46%",229868,"44,54%",277933,"53,86%","97,11%",3581,"0,69%","1,25%",4692,"0,91%","1,64%",Numéro de panneau 15,15
14,Calvados,516074,286206,"55,46%",229868,"44,54%",277933,"53,86%","97,11%",3581,"0,69%","1,25%",4692,"0,91%","1,64%",Nuance liste 15,LDIV
14,Calvados,516074,286206,"55,46%",229868,"44,54%",277933,"53,86%","97,11%",3581,"0,69%","1,25%",4692,"0,91%","1,64%",Libellé abrégé de liste 15,LISTE ASSELINEAU-FREXIT
14,Calvados,516074,286206,"55,46%",229868,"44,54%",277933,"53,86%","97,11%",3581,"0,69%","1,25%",4692,"0,91%","1,64%",Libellé de liste 15,"LISTE ASSELINEAU-FREXIT, POUR LE POUVOIR D'ACHAT ET POUR LA PAIX"
14,Calvados,516074,286206,"55,46%",229868,"44,54%",277933,"53,86%","97,11%",3581,"0,69%","1,25%",4692,"0,91%","1,64%",Voix 15,2435
14,Calvados,516074,286206,"55,46%",229868,"44,54%",277933,"53,86%","97,11%",3581,"0,69%","1,25%",4692,"0,91%","1,64%",% Voix/inscrits 15,"0,47%"
14,Calvados,516074,286206,"55,46%",229868,"44,54%",277933,"53,86%","97,11%",3581,"0,69%","1,25%",4692,"0,91%","1,64%",% Voix/exprimés 15,"0,88%"
14,Calvados,516074,286206,"55,46%",229868,"44,54%",277933,"53,86%","97,11%",3581,"0,69%","1,25%",4692,"0,91%","1,64%",Sièges 15,0
14,Calvados,516074,286206,"55,46%",229868,"44,54%",277933,"53,86%","97,11%",3581,"0,69%","1,25%",4692,"0,91%","1,64%",Numéro de panneau 16,16
14,Calvados,516074,286206,"55,46%",229868,"44,54%",277933,"53,86%","97,11%",3581,"0,69%","1,25%",4692,"0,91%","1,64%",Nuance liste 16,LEXG
14,Calvados,516074,286206,"55,46%",229868,"44,54%",277933,"53,86%","97,11%",3581,"0,69%","1,25%",4692,"0,91%","1,64%",Libellé abrégé de liste 16,PAIX ET DECROISSANCE
14,Calvados,516074,286206,"55,46%",229868,"44,54%",277933,"53,86%","97,11%",3581,"0,69%","1,25%",4692,"0,91%","1,64%",Libellé de liste 16,PAIX ET DECROISSANCE
14,Calvados,516074,286206,"55,46%",229868,"44,54%",277933,"53,86%","97,11%",3581,"0,69%","1,25%",4692,"0,91%","1,64%",Voix 16,47
14,Calvados,516074,286206,"55,46%",229868,"44,54%",277933,"53,86%","97,11%",3581,"0,69%","1,25%",4692,"0,91%","1,64%",% Voix/inscrits 16,"0,01%"
14,Calvados,516074,286206,"55,46%",229868,"44,54%",277933,"53,86%","97,11%",3581,"0,69%","1,25%",4692,"0,91%","1,64%",% Voix/exprimés 16,"0,02%"
14,Calvados,516074,286206,"55,46%",229868,"44,54%",277933,"53,86%","97,11%",3581,"0,69%","1,25%",4692,"0,91%","1,64%",Sièges 16,0
14,Calvados,516074,286206,"55,46%",229868,"44,54%",277933,"53,86%","97,11%",3581,"0,69%","1,25%",4692,"0,91%","1,64%",Numéro de panneau 17,17
14,Calvados,516074,286206,"55,46%",229868,"44,54%",277933,"53,86%","97,11%",3581,"0,69%","1,25%",4692,"0,91%","1,64%",Nuance liste 17,LDIV
14,Calvados,516074,286206,"55,46%",229868,"44,54%",277933,"53,86%","97,11%",3581,"0,69%","1,25%",4692,"0,91%","1,64%",Libellé abrégé de liste 17,POUR UNE AUTRE EUROPE
14,Calvados,516074,286206,"55,46%",229868,"44,54%",277933,"53,86%","97,11%",3581,"0,69%","1,25%",4692,"0,91%","1,64%",Libellé de liste 17,POUR UNE AUTRE EUROPE
14,Calvados,516074,286206,"55,46%",229868,"44,54%",277933,"53,86%","97,11%",3581,"0,69%","1,25%",4692,"0,91%","1,64%",Voix 17,55
14,Calvados,516074,286206,"55,46%",229868,"44,54%",277933,"53,86%","97,11%",3581,"0,69%","1,25%",4692,"0,91%","1,64%",% Voix/inscrits 17,"0,01%"
14,Calvados,516074,286206,"55,46%",229868,"44,54%",277933,"53,86%","97,11%",3581,"0,69%","1,25%",4692,"0,91%","1,64%",% Voix/exprimés 17,"0,02%"
14,Calvados,516074,286206,"55,46%",229868,"44,54%",277933,"53,86%","97,11%",3581,"0,69%","1,25%",4692,"0,91%","1,64%",Sièges 17,0
14,Calvados,516074,286206,"55,46%",229868,"44,54%",277933,"53,86%","97,11%",3581,"0,69%","1,25%",4692,"0,91%","1,64%",Numéro de panneau 18,18
14,Calvados,516074,286206,"55,46%",229868,"44,54%",277933,"53,86%","97,11%",3581,"0,69%","1,25%",4692,"0,91%","1,64%",Nuance liste 18,LLR
14,Calvados,516074,286206,"55,46%",229868,"44,54%",277933,"53,86%","97,11%",3581,"0,69%","1,25%",4692,"0,91%","1,64%",Libellé abrégé de liste 18,LA DROITE POUR FAIRE ENTENDRE LA VOIX DE LA FRANCE EN EUROPE
14,Calvados,516074,286206,"55,46%",229868,"44,54%",277933,"53,86%","97,11%",3581,"0,69%","1,25%",4692,"0,91%","1,64%",Libellé de liste 18,LA DROITE POUR FAIRE ENTENDRE LA VOIX DE LA FRANCE EN EUROPE
14,Calvados,516074,286206,"55,46%",229868,"44,54%",277933,"53,86%","97,11%",3581,"0,69%","1,25%",4692,"0,91%","1,64%",Voix 18,19685
14,Calvados,516074,286206,"55,46%",229868,"44,54%",277933,"53,86%","97,11%",3581,"0,69%","1,25%",4692,"0,91%","1,64%",% Voix/inscrits 18,"3,81%"
14,Calvados,516074,286206,"55,46%",229868,"44,54%",277933,"53,86%","97,11%",3581,"0,69%","1,25%",4692,"0,91%","1,64%",% Voix/exprimés 18,"7,08%"
14,Calvados,516074,286206,"55,46%",229868,"44,54%",277933,"53,86%","97,11%",3581,"0,69%","1,25%",4692,"0,91%","1,64%",Sièges 18,6
14,Calvados,516074,286206,"55,46%",229868,"44,54%",277933,"53,86%","97,11%",3581,"0,69%","1,25%",4692,"0,91%","1,64%",Numéro de panneau 19,19
14,Calvados,516074,286206,"55,46%",229868,"44,54%",277933,"53,86%","97,11%",3581,"0,69%","1,25%",4692,"0,91%","1,64%",Nuance liste 19,LEXG
14,Calvados,516074,286206,"55,46%",229868,"44,54%",277933,"53,86%","97,11%",3581,"0,69%","1,25%",4692,"0,91%","1,64%",Libellé abrégé de liste 19,LUTTE OUVRIERE
14,Calvados,516074,286206,"55,46%",229868,"44,54%",277933,"53,86%","97,11%",3581,"0,69%","1,25%",4692,"0,91%","1,64%",Libellé de liste 19,LUTTE OUVRIERE - LE CAMP DES TRAVAILLEURS
14,Calvados,516074,286206,"55,46%",229868,"44,54%",277933,"53,86%","97,11%",3581,"0,69%","1,25%",4692,"0,91%","1,64%",Voix 19,1319
14,Calvados,516074,286206,"55,46%",229868,"44,54%",277933,"53,86%","97,11%",3581,"0,69%","1,25%",4692,"0,91%","1,64%",% Voix/inscrits 19,"0,26%"
14,Calvados,516074,286206,"55,46%",229868,"44,54%",277933,"53,86%","97,11%",3581,"0,69%","1,25%",4692,"0,91%","1,64%",% Voix/exprimés 19,"0,47%"
14,Calvados,516074,286206,"55,46%",229868,"44,54%",277933,"53,86%","97,11%",3581,"0,69%","1,25%",4692,"0,91%","1,64%",Sièges 19,0
14,Calvados,516074,286206,"55,46%",229868,"44,54%",277933,"53,86%","97,11%",3581,"0,69%","1,25%",4692,"0,91%","1,64%",Numéro de panneau 20,20
14,Calvados,516074,286206,"55,46%",229868,"44,54%",277933,"53,86%","97,11%",3581,"0,69%","1,25%",4692,"0,91%","1,64%",Nuance liste 20,LDVG
14,Calvados,516074,286206,"55,46%",229868,"44,54%",277933,"53,86%","97,11%",3581,"0,69%","1,25%",4692,"0,91%","1,64%",Libellé abrégé de liste 20,CHANGER L'EUROPE
14,Calvados,516074,286206,"55,46%",229868,"44,54%",277933,"53,86%","97,11%",3581,"0,69%","1,25%",4692,"0,91%","1,64%",Libellé de liste 20,CHANGER L'EUROPE
14,Calvados,516074,286206,"55,46%",229868,"44,54%",277933,"53,86%","97,11%",3581,"0,69%","1,25%",4692,"0,91%","1,64%",Voix 20,17
14,Calvados,516074,286206,"55,46%",229868,"44,54%",277933,"53,86%","97,11%",3581,"0,69%","1,25%",4692,"0,91%","1,64%",% Voix/inscrits 20,"0,00%"
14,Calvados,516074,286206,"55,46%",229868,"44,54%",277933,"53,86%","97,11%",3581,"0,69%","1,25%",4692,"0,91%","1,64%",% Voix/exprimés 20,"0,01%"
14,Calvados,516074,286206,"55,46%",229868,"44,54%",277933,"53,86%","97,11%",3581,"0,69%","1,25%",4692,"0,91%","1,64%",Sièges 20,0
14,Calvados,516074,286206,"55,46%",229868,"44,54%",277933,"53,86%","97,11%",3581,"0,69%","1,25%",4692,"0,91%","1,64%",Numéro de panneau 21,21
14,Calvados,516074,286206,"55,46%",229868,"44,54%",277933,"53,86%","97,11%",3581,"0,69%","1,25%",4692,"0,91%","1,64%",Nuance liste 21,LDIV
14,Calvados,516074,286206,"55,46%",229868,"44,54%",277933,"53,86%","97,11%",3581,"0,69%","1,25%",4692,"0,91%","1,64%",Libellé abrégé de liste 21,NLP
14,Calvados,516074,286206,"55,46%",229868,"44,54%",277933,"53,86%","97,11%",3581,"0,69%","1,25%",4692,"0,91%","1,64%",Libellé de liste 21,NOUS LE PEUPLE
14,Calvados,516074,286206,"55,46%",229868,"44,54%",277933,"53,86%","97,11%",3581,"0,69%","1,25%",4692,"0,91%","1,64%",Voix 21,82
14,Calvados,516074,286206,"55,46%",229868,"44,54%",277933,"53,86%","97,11%",3581,"0,69%","1,25%",4692,"0,91%","1,64%",% Voix/inscrits 21,"0,02%"
14,Calvados,516074,286206,"55,46%",229868,"44,54%",277933,"53,86%","97,11%",3581,"0,69%","1,25%",4692,"0,91%","1,64%",% Voix/exprimés 21,"0,03%"
14,Calvados,516074,286206,"55,46%",229868,"44,54%",277933,"53,86%","97,11%",3581,"0,69%","1,25%",4692,"0,91%","1,64%",Sièges 21,0
14,Calvados,516074,286206,"55,46%",229868,"44,54%",277933,"53,86%","97,11%",3581,"0,69%","1,25%",4692,"0,91%","1,64%",Numéro de panneau 22,22
14,Calvados,516074,286206,"55,46%",229868,"44,54%",277933,"53,86%","97,11%",3581,"0,69%","1,25%",4692,"0,91%","1,64%",Nuance liste 22,LEXG
14,Calvados,516074,286206,"55,46%",229868,"44,54%",277933,"53,86%","97,11%",3581,"0,69%","1,25%",4692,"0,91%","1,64%",Libellé abrégé de liste 22,URGENCE REVOLUTION !
14,Calvados,516074,286206,"55,46%",229868,"44,54%",277933,"53,86%","97,11%",3581,"0,69%","1,25%",4692,"0,91%","1,64%",Libellé de liste 22,"POUR UN MONDE SANS FRONTIERES NI PATRONS, URGENCE REVOLUTION !"
14,Calvados,516074,286206,"55,46%",229868,"44,54%",277933,"53,86%","97,11%",3581,"0,69%","1,25%",4692,"0,91%","1,64%",Voix 22,451
14,Calvados,516074,286206,"55,46%",229868,"44,54%",277933,"53,86%","97,11%",3581,"0,69%","1,25%",4692,"0,91%","1,64%",% Voix/inscrits 22,"0,09%"
14,Calvados,516074,286206,"55,46%",229868,"44,54%",277933,"53,86%","97,11%",3581,"0,69%","1,25%",4692,"0,91%","1,64%",% Voix/exprimés 22,"0,16%"
14,Calvados,516074,286206,"55,46%",229868,"44,54%",277933,"53,86%","97,11%",3581,"0,69%","1,25%",4692,"0,91%","1,64%",Sièges 22,0
14,Calvados,516074,286206,"55,46%",229868,"44,54%",277933,"53,86%","97,11%",3581,"0,69%","1,25%",4692,"0,91%","1,64%",Numéro de panneau 23,23
14,Calvados,516074,286206,"55,46%",229868,"44,54%",277933,"53,86%","97,11%",3581,"0,69%","1,25%",4692,"0,91%","1,64%",Nuance liste 23,LEXG
14,Calvados,516074,286206,"55,46%",229868,"44,54%",277933,"53,86%","97,11%",3581,"0,69%","1,25%",4692,"0,91%","1,64%",Libellé abrégé de liste 23,PPL
14,Calvados,516074,286206,"55,46%",229868,"44,54%",277933,"53,86%","97,11%",3581,"0,69%","1,25%",4692,"0,91%","1,64%",Libellé de liste 23,"""POUR LE PAIN, LA PAIX, LA LIBERTÉ !"" PRÉSENTÉE PAR LE PARTI DES TRAVAILLEURS"
14,Calvados,516074,286206,"55,46%",229868,"44,54%",277933,"53,86%","97,11%",3581,"0,69%","1,25%",4692,"0,91%","1,64%",Voix 23,28
14,Calvados,516074,286206,"55,46%",229868,"44,54%",277933,"53,86%","97,11%",3581,"0,69%","1,25%",4692,"0,91%","1,64%",% Voix/inscrits 23,"0,01%"
14,Calvados,516074,286206,"55,46%",229868,"44,54%",277933,"53,86%","97,11%",3581,"0,69%","1,25%",4692,"0,91%","1,64%",% Voix/exprimés 23,"0,01%"
14,Calvados,516074,286206,"55,46%",229868,"44,54%",277933,"53,86%","97,11%",3581,"0,69%","1,25%",4692,"0,91%","1,64%",Sièges 23,0
14,Calvados,516074,286206,"55,46%",229868,"44,54%",277933,"53,86%","97,11%",3581,"0,69%","1,25%",4692,"0,91%","1,64%",Numéro de panneau 24,24
14,Calvados,516074,286206,"55,46%",229868,"44,54%",277933,"53,86%","97,11%",3581,"0,69%","1,25%",4692,"0,91%","1,64%",Nuance liste 24,LEXD
14,Calvados,516074,286206,"55,46%",229868,"44,54%",277933,"53,86%","97,11%",3581,"0,69%","1,25%",4692,"0,91%","1,64%",Libellé abrégé de liste 24,L'EUROPE CA SUFFIT !
14,Calvados,516074,286206,"55,46%",229868,"44,54%",277933,"53,86%","97,11%",3581,"0,69%","1,25%",4692,"0,91%","1,64%",Libellé de liste 24,L'EUROPE CA SUFFIT !
14,Calvados,516074,286206,"55,46%",229868,"44,54%",277933,"53,86%","97,11%",3581,"0,69%","1,25%",4692,"0,91%","1,64%",Voix 24,2372
14,Calvados,516074,286206,"55,46%",229868,"44,54%",277933,"53,86%","97,11%",3581,"0,69%","1,25%",4692,"0,91%","1,64%",% Voix/inscrits 24,"0,46%"
14,Calvados,516074,286206,"55,46%",229868,"44,54%",277933,"53,86%","97,11%",3581,"0,69%","1,25%",4692,"0,91%","1,64%",% Voix/exprimés 24,"0,85%"
14,Calvados,516074,286206,"55,46%",229868,"44,54%",277933,"53,86%","97,11%",3581,"0,69%","1,25%",4692,"0,91%","1,64%",Sièges 24,0
14,Calvados,516074,286206,"55,46%",229868,"44,54%",277933,"53,86%","97,11%",3581,"0,69%","1,25%",4692,"0,91%","1,64%",Numéro de panneau 25,25
14,Calvados,516074,286206,"55,46%",229868,"44,54%",277933,"53,86%","97,11%",3581,"0,69%","1,25%",4692,"0,91%","1,64%",Nuance liste 25,LDIV
14,Calvados,516074,286206,"55,46%",229868,"44,54%",277933,"53,86%","97,11%",3581,"0,69%","1,25%",4692,"0,91%","1,64%",Libellé abrégé de liste 25,PRENONS-NOUS EN MAIN
14,Calvados,516074,286206,"55,46%",229868,"44,54%",277933,"53,86%","97,11%",3581,"0,69%","1,25%",4692,"0,91%","1,64%",Libellé de liste 25,NON ! PRENONS-NOUS EN MAINS
14,Calvados,516074,286206,"55,46%",229868,"44,54%",277933,"53,86%","97,11%",3581,"0,69%","1,25%",4692,"0,91%","1,64%",Voix 25,2
14,Calvados,516074,286206,"55,46%",229868,"44,54%",277933,"53,86%","97,11%",3581,"0,69%","1,25%",4692,"0,91%","1,64%",% Voix/inscrits 25,"0,00%"
14,Calvados,516074,286206,"55,46%",229868,"44,54%",277933,"53,86%","97,11%",3581,"0,69%","1,25%",4692,"0,91%","1,64%",% Voix/exprimés 25,"0,00%"
14,Calvados,516074,286206,"55,46%",229868,"44,54%",277933,"53,86%","97,11%",3581,"0,69%","1,25%",4692,"0,91%","1,64%",Sièges 25,0
14,Calvados,516074,286206,"55,46%",229868,"44,54%",277933,"53,86%","97,11%",3581,"0,69%","1,25%",4692,"0,91%","1,64%",Numéro de panneau 26,26
14,Calvados,516074,286206,"55,46%",229868,"44,54%",277933,"53,86%","97,11%",3581,"0,69%","1,25%",4692,"0,91%","1,64%",Nuance liste 26,LEXD
14,Calvados,516074,286206,"55,46%",229868,"44,54%",277933,"53,86%","97,11%",3581,"0,69%","1,25%",4692,"0,91%","1,64%",Libellé abrégé de liste 26,FORTERESSE EUROPE
14,Calvados,516074,286206,"55,46%",229868,"44,54%",277933,"53,86%","97,11%",3581,"0,69%","1,25%",4692,"0,91%","1,64%",Libellé de liste 26,FORTERESSE EUROPE - LISTE D'UNITE NATIONALISTE
14,Calvados,516074,286206,"55,46%",229868,"44,54%",277933,"53,86%","97,11%",3581,"0,69%","1,25%",4692,"0,91%","1,64%",Voix 26,13
14,Calvados,516074,286206,"55,46%",229868,"44,54%",277933,"53,86%","97,11%",3581,"0,69%","1,25%",4692,"0,91%","1,64%",% Voix/inscrits 26,"0,00%"
14,Calvados,516074,286206,"55,46%",229868,"44,54%",277933,"53,86%","97,11%",3581,"0,69%","1,25%",4692,"0,91%","1,64%",% Voix/exprimés 26,"0,00%"
14,Calvados,516074,286206,"55,46%",229868,"44,54%",277933,"53,86%","97,11%",3581,"0,69%","1,25%",4692,"0,91%","1,64%",Sièges 26,0
14,Calvados,516074,286206,"55,46%",229868,"44,54%",277933,"53,86%","97,11%",3581,"0,69%","1,25%",4692,"0,91%","1,64%",Numéro de panneau 27,27
14,Calvados,516074,286206,"55,46%",229868,"44,54%",277933,"53,86%","97,11%",3581,"0,69%","1,25%",4692,"0,91%","1,64%",Nuance liste 27,LUG
14,Calvados,516074,286206,"55,46%",229868,"44,54%",277933,"53,86%","97,11%",3581,"0,69%","1,25%",4692,"0,91%","1,64%",Libellé abrégé de liste 27,REVEIL EUR
14,Calvados,516074,286206,"55,46%",229868,"44,54%",277933,"53,86%","97,11%",3581,"0,69%","1,25%",4692,"0,91%","1,64%",Libellé de liste 27,RÉVEILLER L'EUROPE
14,Calvados,516074,286206,"55,46%",229868,"44,54%",277933,"53,86%","97,11%",3581,"0,69%","1,25%",4692,"0,91%","1,64%",Voix 27,42194
14,Calvados,516074,286206,"55,46%",229868,"44,54%",277933,"53,86%","97,11%",3581,"0,69%","1,25%",4692,"0,91%","1,64%",% Voix/inscrits 27,"8,18%"
14,Calvados,516074,286206,"55,46%",229868,"44,54%",277933,"53,86%","97,11%",3581,"0,69%","1,25%",4692,"0,91%","1,64%",% Voix/exprimés 27,"15,18%"
14,Calvados,516074,286206,"55,46%",229868,"44,54%",277933,"53,86%","97,11%",3581,"0,69%","1,25%",4692,"0,91%","1,64%",Sièges 27,13
14,Calvados,516074,286206,"55,46%",229868,"44,54%",277933,"53,86%","97,11%",3581,"0,69%","1,25%",4692,"0,91%","1,64%",Numéro de panneau 28,28
14,Calvados,516074,286206,"55,46%",229868,"44,54%",277933,"53,86%","97,11%",3581,"0,69%","1,25%",4692,"0,91%","1,64%",Nuance liste 28,LEXG
14,Calvados,516074,286206,"55,46%",229868,"44,54%",277933,"53,86%","97,11%",3581,"0,69%","1,25%",4692,"0,91%","1,64%",Libellé abrégé de liste 28,"NON À L'UE ET À L'OTAN, COMMUNISTES POUR LA PAIX ET LE PROGRÈS SOCIAL"
14,Calvados,516074,286206,"55,46%",229868,"44,54%",277933,"53,86%","97,11%",3581,"0,69%","1,25%",4692,"0,91%","1,64%",Libellé de liste 28,"NON À L'UE ET À L'OTAN, COMMUNISTES POUR LA PAIX ET LE PROGRÈS SOCIAL"
14,Calvados,516074,286206,"55,46%",229868,"44,54%",277933,"53,86%","97,11%",3581,"0,69%","1,25%",4692,"0,91%","1,64%",Voix 28,35
14,Calvados,516074,286206,"55,46%",229868,"44,54%",277933,"53,86%","97,11%",3581,"0,69%","1,25%",4692,"0,91%","1,64%",% Voix/inscrits 28,"0,01%"
14,Calvados,516074,286206,"55,46%",229868,"44,54%",277933,"53,86%","97,11%",3581,"0,69%","1,25%",4692,"0,91%","1,64%",% Voix/exprimés 28,"0,01%"
14,Calvados,516074,286206,"55,46%",229868,"44,54%",277933,"53,86%","97,11%",3581,"0,69%","1,25%",4692,"0,91%","1,64%",Sièges 28,0
14,Calvados,516074,286206,"55,46%",229868,"44,54%",277933,"53,86%","97,11%",3581,"0,69%","1,25%",4692,"0,91%","1,64%",Numéro de panneau 29,29
14,Calvados,516074,286206,"55,46%",229868,"44,54%",277933,"53,86%","97,11%",3581,"0,69%","1,25%",4692,"0,91%","1,64%",Nuance liste 29,LDVD
14,Calvados,516074,286206,"55,46%",229868,"44,54%",277933,"53,86%","97,11%",3581,"0,69%","1,25%",4692,"0,91%","1,64%",Libellé abrégé de liste 29,AR
14,Calvados,516074,286206,"55,46%",229868,"44,54%",277933,"53,86%","97,11%",3581,"0,69%","1,25%",4692,"0,91%","1,64%",Libellé de liste 29,ALLIANCE RURALE
14,Calvados,516074,286206,"55,46%",229868,"44,54%",277933,"53,86%","97,11%",3581,"0,69%","1,25%",4692,"0,91%","1,64%",Voix 29,7750
14,Calvados,516074,286206,"55,46%",229868,"44,54%",277933,"53,86%","97,11%",3581,"0,69%","1,25%",4692,"0,91%","1,64%",% Voix/inscrits 29,"1,50%"
14,Calvados,516074,286206,"55,46%",229868,"44,54%",277933,"53,86%","97,11%",3581,"0,69%","1,25%",4692,"0,91%","1,64%",% Voix/exprimés 29,"2,79%"
14,Calvados,516074,286206,"55,46%",229868,"44,54%",277933,"53,86%","97,11%",3581,"0,69%","1,25%",4692,"0,91%","1,64%",Sièges 29,0
14,Calvados,516074,286206,"55,46%",229868,"44,54%",277933,"53,86%","97,11%",3581,"0,69%","1,25%",4692,"0,91%","1,64%",Numéro de panneau 30,30
14,Calvados,516074,286206,"55,46%",229868,"44,54%",277933,"53,86%","97,11%",3581,"0,69%","1,25%",4692,"0,91%","1,64%",Nuance liste 30,LDIV
14,Calvados,516074,286206,"55,46%",229868,"44,54%",277933,"53,86%","97,11%",3581,"0,69%","1,25%",4692,"0,91%","1,64%",Libellé abrégé de liste 30,FRANCE LIBRE
14,Calvados,516074,286206,"55,46%",229868,"44,54%",277933,"53,86%","97,11%",3581,"0,69%","1,25%",4692,"0,91%","1,64%",Libellé de liste 30,FRANCE LIBRE
14,Calvados,516074,286206,"55,46%",229868,"44,54%",277933,"53,86%","97,11%",3581,"0,69%","1,25%",4692,"0,91%","1,64%",Voix 30,49
14,Calvados,516074,286206,"55,46%",229868,"44,54%",277933,"53,86%","97,11%",3581,"0,69%","1,25%",4692,"0,91%","1,64%",% Voix/inscrits 30,"0,01%"
14,Calvados,516074,286206,"55,46%",229868,"44,54%",277933,"53,86%","97,11%",3581,"0,69%","1,25%",4692,"0,91%","1,64%",% Voix/exprimés 30,"0,02%"
14,Calvados,516074,286206,"55,46%",229868,"44,54%",277933,"53,86%","97,11%",3581,"0,69%","1,25%",4692,"0,91%","1,64%",Sièges 30,0
14,Calvados,516074,286206,"55,46%",229868,"44,54%",277933,"53,86%","97,11%",3581,"0,69%","1,25%",4692,"0,91%","1,64%",Numéro de panneau 31,31
14,Calvados,516074,286206,"55,46%",229868,"44,54%",277933,"53,86%","97,11%",3581,"0,69%","1,25%",4692,"0,91%","1,64%",Nuance liste 31,LDVG
14,Calvados,516074,286206,"55,46%",229868,"44,54%",277933,"53,86%","97,11%",3581,"0,69%","1,25%",4692,"0,91%","1,64%",Libellé abrégé de liste 31,EUROPE TERRITOIRES ÉCOLOGIE
14,Calvados,516074,286206,"55,46%",229868,"44,54%",277933,"53,86%","97,11%",3581,"0,69%","1,25%",4692,"0,91%","1,64%",Libellé de liste 31,EUROPE TERRITOIRES ÉCOLOGIE
14,Calvados,516074,286206,"55,46%",229868,"44,54%",277933,"53,86%","97,11%",3581,"0,69%","1,25%",4692,"0,91%","1,64%",Voix 31,794
14,Calvados,516074,286206,"55,46%",229868,"44,54%",277933,"53,86%","97,11%",3581,"0,69%","1,25%",4692,"0,91%","1,64%",% Voix/inscrits 31,"0,15%"
14,Calvados,516074,286206,"55,46%",229868,"44,54%",277933,"53,86%","97,11%",3581,"0,69%","1,25%",4692,"0,91%","1,64%",% Voix/exprimés 31,"0,29%"
14,Calvados,516074,286206,"55,46%",229868,"44,54%",277933,"53,86%","97,11%",3581,"0,69%","1,25%",4692,"0,91%","1,64%",Sièges 31,0
14,Calvados,516074,286206,"55,46%",229868,"44,54%",277933,"53,86%","97,11%",3581,"0,69%","1,25%",4692,"0,91%","1,64%",Numéro de panneau 32,32
14,Calvados,516074,286206,"55,46%",229868,"44,54%",277933,"53,86%","97,11%",3581,"0,69%","1,25%",4692,"0,91%","1,64%",Nuance liste 32,LDIV
14,Calvados,516074,286206,"55,46%",229868,"44,54%",277933,"53,86%","97,11%",3581,"0,69%","1,25%",4692,"0,91%","1,64%",Libellé abrégé de liste 32,LA RUCHE CITOYENNE
14,Calvados,516074,286206,"55,46%",229868,"44,54%",277933,"53,86%","97,11%",3581,"0,69%","1,25%",4692,"0,91%","1,64%",Libellé de liste 32,LA RUCHE CITOYENNE
14,Calvados,516074,286206,"55,46%",229868,"44,54%",277933,"53,86%","97,11%",3581,"0,69%","1,25%",4692,"0,91%","1,64%",Voix 32,45
14,Calvados,516074,286206,"55,46%",229868,"44,54%",277933,"53,86%","97,11%",3581,"0,69%","1,25%",4692,"0,91%","1,64%",% Voix/inscrits 32,"0,01%"
14,Calvados,516074,286206,"55,46%",229868,"44,54%",277933,"53,86%","97,11%",3581,"0,69%","1,25%",4692,"0,91%","1,64%",% Voix/exprimés 32,"0,02%"
14,Calvados,516074,286206,"55,46%",229868,"44,54%",277933,"53,86%","97,11%",3581,"0,69%","1,25%",4692,"0,91%","1,64%",Sièges 32,0
14,Calvados,516074,286206,"55,46%",229868,"44,54%",277933,"53,86%","97,11%",3581,"0,69%","1,25%",4692,"0,91%","1,64%",Numéro de panneau 33,33
14,Calvados,516074,286206,"55,46%",229868,"44,54%",277933,"53,86%","97,11%",3581,"0,69%","1,25%",4692,"0,91%","1,64%",Nuance liste 33,LCOM
14,Calvados,516074,286206,"55,46%",229868,"44,54%",277933,"53,86%","97,11%",3581,"0,69%","1,25%",4692,"0,91%","1,64%",Libellé abrégé de liste 33,GAUCHE UNIE
14,Calvados,516074,286206,"55,46%",229868,"44,54%",277933,"53,86%","97,11%",3581,"0,69%","1,25%",4692,"0,91%","1,64%",Libellé de liste 33,GAUCHE UNIE POUR LE MONDE DU TRAVAIL SOUTENUE PAR FABIEN ROUSSEL
14,Calvados,516074,286206,"55,46%",229868,"44,54%",277933,"53,86%","97,11%",3581,"0,69%","1,25%",4692,"0,91%","1,64%",Voix 33,6532
14,Calvados,516074,286206,"55,46%",229868,"44,54%",277933,"53,86%","97,11%",3581,"0,69%","1,25%",4692,"0,91%","1,64%",% Voix/inscrits 33,"1,27%"
14,Calvados,516074,286206,"55,46%",229868,"44,54%",277933,"53,86%","97,11%",3581,"0,69%","1,25%",4692,"0,91%","1,64%",% Voix/exprimés 33,"2,35%"
14,Calvados,516074,286206,"55,46%",229868,"44,54%",277933,"53,86%","97,11%",3581,"0,69%","1,25%",4692,"0,91%","1,64%",Sièges 33,0
14,Calvados,516074,286206,"55,46%",229868,"44,54%",277933,"53,86%","97,11%",3581,"0,69%","1,25%",4692,"0,91%","1,64%",Numéro de panneau 34,34
14,Calvados,516074,286206,"55,46%",229868,"44,54%",277933,"53,86%","97,11%",3581,"0,69%","1,25%",4692,"0,91%","1,64%",Nuance liste 34,LDIV
14,Calvados,516074,286206,"55,46%",229868,"44,54%",277933,"53,86%","97,11%",3581,"0,69%","1,25%",4692,"0,91%","1,64%",Libellé abrégé de liste 34,DEFENDRE LES ENFANTS
14,Calvados,516074,286206,"55,46%",229868,"44,54%",277933,"53,86%","97,11%",3581,"0,69%","1,25%",4692,"0,91%","1,64%",Libellé de liste 34,DEFENDRE LES ENFANTS
14,Calvados,516074,286206,"55,46%",229868,"44,54%",277933,"53,86%","97,11%",3581,"0,69%","1,25%",4692,"0,91%","1,64%",Voix 34,101
14,Calvados,516074,286206,"55,46%",229868,"44,54%",277933,"53,86%","97,11%",3581,"0,69%","1,25%",4692,"0,91%","1,64%",% Voix/inscrits 34,"0,02%"
14,Calvados,516074,286206,"55,46%",229868,"44,54%",277933,"53,86%","97,11%",3581,"0,69%","1,25%",4692,"0,91%","1,64%",% Voix/exprimés 34,"0,04%"
14,Calvados,516074,286206,"55,46%",229868,"44,54%",277933,"53,86%","97,11%",3581,"0,69%","1,25%",4692,"0,91%","1,64%",Sièges 34,0
14,Calvados,516074,286206,"55,46%",229868,"44,54%",277933,"53,86%","97,11%",3581,"0,69%","1,25%",4692,"0,91%","1,64%",Numéro de panneau 35,35
14,Calvados,516074,286206,"55,46%",229868,"44,54%",277933,"53,86%","97,11%",3581,"0,69%","1,25%",4692,"0,91%","1,64%",Nuance liste 35,LECO
14,Calvados,516074,286206,"55,46%",229868,"44,54%",277933,"53,86%","97,11%",3581,"0,69%","1,25%",4692,"0,91%","1,64%",Libellé abrégé de liste 35,EAC
14,Calvados,516074,286206,"55,46%",229868,"44,54%",277933,"53,86%","97,11%",3581,"0,69%","1,25%",4692,"0,91%","1,64%",Libellé de liste 35,ÉCOLOGIE AU CENTRE
14,Calvados,516074,286206,"55,46%",229868,"44,54%",277933,"53,86%","97,11%",3581,"0,69%","1,25%",4692,"0,91%","1,64%",Voix 35,3689
14,Calvados,516074,286206,"55,46%",229868,"44,54%",277933,"53,86%","97,11%",3581,"0,69%","1,25%",4692,"0,91%","1,64%",% Voix/inscrits 35,"0,71%"
14,Calvados,516074,286206,"55,46%",229868,"44,54%",277933,"53,86%","97,11%",3581,"0,69%","1,25%",4692,"0,91%","1,64%",% Voix/exprimés 35,"1,33%"
14,Calvados,516074,286206,"55,46%",229868,"44,54%",277933,"53,86%","97,11%",3581,"0,69%","1,25%",4692,"0,91%","1,64%",Sièges 35,0
14,Calvados,516074,286206,"55,46%",229868,"44,54%",277933,"53,86%","97,11%",3581,"0,69%","1,25%",4692,"0,91%","1,64%",Numéro de panneau 36,36
14,Calvados,516074,286206,"55,46%",229868,"44,54%",277933,"53,86%","97,11%",3581,"0,69%","1,25%",4692,"0,91%","1,64%",Nuance liste 36,LDIV
14,Calvados,516074,286206,"55,46%",229868,"44,54%",277933,"53,86%","97,11%",3581,"0,69%","1,25%",4692,"0,91%","1,64%",Libellé abrégé de liste 36,DEMOCRATIE REPRESENTATIVE
14,Calvados,516074,286206,"55,46%",229868,"44,54%",277933,"53,86%","97,11%",3581,"0,69%","1,25%",4692,"0,91%","1,64%",Libellé de liste 36,DEMOCRATIE REPRESENTATIVE
14,Calvados,516074,286206,"55,46%",229868,"44,54%",277933,"53,86%","97,11%",3581,"0,69%","1,25%",4692,"0,91%","1,64%",Voix 36,3
14,Calvados,516074,286206,"55,46%",229868,"44,54%",277933,"53,86%","97,11%",3581,"0,69%","1,25%",4692,"0,91%","1,64%",% Voix/inscrits 36,"0,00%"
14,Calvados,516074,286206,"55,46%",229868,"44,54%",277933,"53,86%","97,11%",3581,"0,69%","1,25%",4692,"0,91%","1,64%",% Voix/exprimés 36,"0,00%"
14,Calvados,516074,286206,"55,46%",229868,"44,54%",277933,"53,86%","97,11%",3581,"0,69%","1,25%",4692,"0,91%","1,64%",Sièges 36,0
14,Calvados,516074,286206,"55,46%",229868,"44,54%",277933,"53,86%","97,11%",3581,"0,69%","1,25%",4692,"0,91%","1,64%",Numéro de panneau 37,37
14,Calvados,516074,286206,"55,46%",229868,"44,54%",277933,"53,86%","97,11%",3581,"0,69%","1,25%",4692,"0,91%","1,64%",Nuance liste 37,LDIV
14,Calvados,516074,286206,"55,46%",229868,"44,54%",277933,"53,86%","97,11%",3581,"0,69%","1,25%",4692,"0,91%","1,64%",Libellé abrégé de liste 37,ESPERANTO
14,Calvados,516074,286206,"55,46%",229868,"44,54%",277933,"53,86%","97,11%",3581,"0,69%","1,25%",4692,"0,91%","1,64%",Libellé de liste 37,ESPERANTO LANGUE COMMUNE
14,Calvados,516074,286206,"55,46%",229868,"44,54%",277933,"53,86%","97,11%",3581,"0,69%","1,25%",4692,"0,91%","1,64%",Voix 37,93
14,Calvados,516074,286206,"55,46%",229868,"44,54%",277933,"53,86%","97,11%",3581,"0,69%","1,25%",4692,"0,91%","1,64%",% Voix/inscrits 37,"0,02%"
14,Calvados,516074,286206,"55,46%",229868,"44,54%",277933,"53,86%","97,11%",3581,"0,69%","1,25%",4692,"0,91%","1,64%",% Voix/exprimés 37,"0,03%"
14,Calvados,516074,286206,"55,46%",229868,"44,54%",277933,"53,86%","97,11%",3581,"0,69%","1,25%",4692,"0,91%","1,64%",Sièges 37,0
14,Calvados,516074,286206,"55,46%",229868,"44,54%",277933,"53,86%","97,11%",3581,"0,69%","1,25%",4692,"0,91%","1,64%",Numéro de panneau 38,38
14,Calvados,516074,286206,"55,46%",229868,"44,54%",277933,"53,86%","97,11%",3581,"0,69%","1,25%",4692,"0,91%","1,64%",Nuance liste 38,LDIV
14,Calvados,516074,286206,"55,46%",229868,"44,54%",277933,"53,86%","97,11%",3581,"0,69%","1,25%",4692,"0,91%","1,64%",Libellé abrégé de liste 38,LIBERTÉ DÉMOCRATIQUE FRANÇAISE
14,Calvados,516074,286206,"55,46%",229868,"44,54%",277933,"53,86%","97,11%",3581,"0,69%","1,25%",4692,"0,91%","1,64%",Libellé de liste 38,LIBERTÉ DÉMOCRATIQUE FRANÇAISE
14,Calvados,516074,286206,"55,46%",229868,"44,54%",277933,"53,86%","97,11%",3581,"0,69%","1,25%",4692,"0,91%","1,64%",Voix 38,4
14,Calvados,516074,286206,"55,46%",229868,"44,54%",277933,"53,86%","97,11%",3581,"0,69%","1,25%",4692,"0,91%","1,64%",% Voix/inscrits 38,"0,00%"
14,Calvados,516074,286206,"55,46%",229868,"44,54%",277933,"53,86%","97,11%",3581,"0,69%","1,25%",4692,"0,91%","1,64%",% Voix/exprimés 38,"0,00%"
14,Calvados,516074,286206,"55,46%",229868,"44,54%",277933,"53,86%","97,11%",3581,"0,69%","1,25%",4692,"0,91%","1,64%",Sièges 38,0
